step,dev_ler,fit_ok,best_ler
100,0.8320112824440002,True,0.8320112824440002
200,0.8320112824440002,True,0.8320112824440002
300,0.8320112824440002,True,0.8320112824440002
400,0.8320112824440002,True,0.8320112824440002
